Sector,Attribute,Biased,Fairness_Score,Precision_Metric,Fix_Recommendation
Education,Age,Yes,0.6,0.7,Use age-sensitive modeling
Employment,Gender,Yes,0.8,0.9,Use blind hiring practices

File link: ./audit_results.csv

**Audit Report**
The audit results show that there are biases present in the Education and Employment sectors. The Education sector has a fairness score of 0.6, indicating a moderate level of bias, while the Employment sector has a fairness score of 0.8, indicating a higher level of bias.

**Pie Chart: Bias Distribution**
Education: 40%
Employment: 60%

**Bar Graph: Fairness Scores**
Education: 0.6
Employment: 0.8

**Line Graph: Precision Metrics**
Education: 0.7
Employment: 0.9

The results suggest that the use of age-sensitive modeling in the Education sector and blind hiring practices in the Employment sector can help mitigate the biases present in the data.